{
  "project_info": {
    "project_number": "561600631440",
    "firebase_url": "https://pontoeletronico-b3047.firebaseio.com",
    "project_id": "pontoeletronico-b3047",
    "storage_bucket": "pontoeletronico-b3047.appspot.com"
  },
  "client": [
    {
      "client_info": {
        "mobilesdk_app_id": "1:561600631440:android:945caea66a2fa47c29be15",
        "android_client_info": {
          "package_name": "com.pm.ramilton.pontoeletronico"
        }
      },
      "oauth_client": [
        {
          "client_id": "561600631440-uinovt2b9slvdbq652tveupveb25anme.apps.googleusercontent.com",
          "client_type": 1,
          "android_info": {
            "package_name": "com.pm.ramilton.pontoeletronico",
            "certificate_hash": "fa11e0043c0a2d7c462309138640f9a02ad51b15"
          }
        },
        {
          "client_id": "561600631440-hj3vqfis22origfojse530e7ittjfh9b.apps.googleusercontent.com",
          "client_type": 3
        }
      ],
      "api_key": [
        {
          "current_key": "AIzaSyBAF2jfDn01ZL0tmaEy10hgQUL75C2LC1o"
        }
      ],
      "services": {
        "appinvite_service": {
          "other_platform_oauth_client": [
            {
              "client_id": "561600631440-hj3vqfis22origfojse530e7ittjfh9b.apps.googleusercontent.com",
              "client_type": 3
            }
          ]
        }
      }
    }
  ],
  "configuration_version": "1"
}